Workbook

Sheet Dashboard
A1: Madrasa Class Dashboard
A2: Choose a student in B4. Student measures and topic mastery update with the selection.
A4: Selected Student | B4: Mudhir | D4: Attendance % | E4: Homework Complete % | F4: Average Mastery % | G4: Assessment Average % | H4: Attendance Records | I4: Progress Entries
D5: =IF(COUNTIF(AttendanceTable[Student],$B$4)=0,"",(COUNTIFS(AttendanceTable[Student],$B$4,AttendanceTable[Status],"Present")+COUNTIFS(AttendanceTable[Student],$B$4,AttendanceTable[Status],"Late"))/COUNTIF(AttendanceTable[Student],$B$4)) -> 0.875 | E5: =IF(COUNTIF(HomeworkTable[Student],$B$4)=0,"",COUNTIFS(HomeworkTable[Student],$B$4,HomeworkTable[Status],"Completed")/COUNTIF(HomeworkTable[Student],$B$4)) | F5: =IF(COUNTIFS(ProgressTable[Student],$B$4,ProgressTable[Mastery %],"<>")=0,"",AVERAGEIF(ProgressTable[Student],$B$4,ProgressTable[Mastery %])) -> 0.575 | G5: =IF(COUNTIFS(AssessmentTable[Student],$B$4,AssessmentTable[Percentage],"<>")=0,"",AVERAGEIF(AssessmentTable[Student],$B$4,AssessmentTable[Percentage])) | H5: =COUNTIF(AttendanceTable[Student],$B$4) -> 8 | I5: =COUNTIF(ProgressTable[Student],$B$4) -> 8
A6: Student | B6: =B4 -> Mudhir
A7: Age | B7: =IFERROR(VLOOKUP(B4,Students!$B$5:$D$50,2,FALSE),"") -> 11 | D7: Blank measures mean no scored records. Attendance includes late arrivals.
A8: Status | B8: =IFERROR(VLOOKUP(B4,Students!$B$5:$D$50,3,FALSE),"") -> Active
A11: Class comparison
A12: Student | B12: Avg Mastery | C12: Attendance | D12: Homework | E12: Assessment
A13: =Students!B5 -> Mudhir | B13: =IF(COUNTIFS(ProgressTable[Student],A13,ProgressTable[Mastery %],"<>")=0,"",AVERAGEIF(ProgressTable[Student],A13,ProgressTable[Mastery %])) -> 0.575 | C13: =IF(COUNTIF(AttendanceTable[Student],A13)=0,"",(COUNTIFS(AttendanceTable[Student],A13,AttendanceTable[Status],"Present")+COUNTIFS(AttendanceTable[Student],A13,AttendanceTable[Status],"Late"))/COUNTIF(AttendanceTable[Student],A13)) -> 0.875 | D13: =IF(COUNTIF(HomeworkTable[Student],A13)=0,"",COUNTIFS(HomeworkTable[Student],A13,HomeworkTable[Status],"Completed")/COUNTIF(HomeworkTable[Student],A13)) | E13: =IF(COUNTIFS(AssessmentTable[Student],A13,AssessmentTable[Percentage],"<>")=0,"",AVERAGEIF(AssessmentTable[Student],A13,AssessmentTable[Percentage]))
A14: =Students!B6 -> Nafisa | B14: =IF(COUNTIFS(ProgressTable[Student],A14,ProgressTable[Mastery %],"<>")=0,"",AVERAGEIF(ProgressTable[Student],A14,ProgressTable[Mastery %])) -> 0.5 | C14: =IF(COUNTIF(AttendanceTable[Student],A14)=0,"",(COUNTIFS(AttendanceTable[Student],A14,AttendanceTable[Status],"Present")+COUNTIFS(AttendanceTable[Student],A14,AttendanceTable[Status],"Late"))/COUNTIF(AttendanceTable[Student],A14)) -> 0.75 | D14: =IF(COUNTIF(HomeworkTable[Student],A14)=0,"",COUNTIFS(HomeworkTable[Student],A14,HomeworkTable[Status],"Completed")/COUNTIF(HomeworkTable[Student],A14)) | E14: =IF(COUNTIFS(AssessmentTable[Student],A14,AssessmentTable[Percentage],"<>")=0,"",AVERAGEIF(AssessmentTable[Student],A14,AssessmentTable[Percentage]))
A15: =Students!B7 -> Jameela | B15: =IF(COUNTIFS(ProgressTable[Student],A15,ProgressTable[Mastery %],"<>")=0,"",AVERAGEIF(ProgressTable[Student],A15,ProgressTable[Mastery %])) -> 0.8 | C15: =IF(COUNTIF(AttendanceTable[Student],A15)=0,"",(COUNTIFS(AttendanceTable[Student],A15,AttendanceTable[Status],"Present")+COUNTIFS(AttendanceTable[Student],A15,AttendanceTable[Status],"Late"))/COUNTIF(AttendanceTable[Student],A15)) -> 0.875 | D15: =IF(COUNTIF(HomeworkTable[Student],A15)=0,"",COUNTIFS(HomeworkTable[Student],A15,HomeworkTable[Status],"Completed")/COUNTIF(HomeworkTable[Student],A15)) | E15: =IF(COUNTIFS(AssessmentTable[Student],A15,AssessmentTable[Percentage],"<>")=0,"",AVERAGEIF(AssessmentTable[Student],A15,AssessmentTable[Percentage]))
A19: Topic area | B19: Selected student | D19: Attendance status | E19: Records
A20: Qur'an – Murājaʿah | B20: =IF(COUNTIFS(ProgressTable[Student],$B$4,ProgressTable[Topic Area],A20,ProgressTable[Mastery %],"<>")=0,"",SUMIFS(ProgressTable[Mastery %],ProgressTable[Student],$B$4,ProgressTable[Topic Area],A20)/COUNTIFS(ProgressTable[Student],$B$4,ProgressTable[Topic Area],A20,ProgressTable[Mastery %],"<>")) -> 0.575 | D20: Present | E20: =COUNTIFS(AttendanceTable[Student],$B$4,AttendanceTable[Status],D20) -> 7
A21: Qur'an – Hifdh / Tajwīd | B21: =IF(COUNTIFS(ProgressTable[Student],$B$4,ProgressTable[Topic Area],A21,ProgressTable[Mastery %],"<>")=0,"",SUMIFS(ProgressTable[Mastery %],ProgressTable[Student],$B$4,ProgressTable[Topic Area],A21)/COUNTIFS(ProgressTable[Student],$B$4,ProgressTable[Topic Area],A21,ProgressTable[Mastery %],"<>")) | D21: Late | E21: =COUNTIFS(AttendanceTable[Student],$B$4,AttendanceTable[Status],D21) -> 0
A22: ʿAqīdah / Tawḥīd | B22: =IF(COUNTIFS(ProgressTable[Student],$B$4,ProgressTable[Topic Area],A22,ProgressTable[Mastery %],"<>")=0,"",SUMIFS(ProgressTable[Mastery %],ProgressTable[Student],$B$4,ProgressTable[Topic Area],A22)/COUNTIFS(ProgressTable[Student],$B$4,ProgressTable[Topic Area],A22,ProgressTable[Mastery %],"<>")) | D22: Absent | E22: =COUNTIFS(AttendanceTable[Student],$B$4,AttendanceTable[Status],D22) -> 0
A23: Fiqh | B23: =IF(COUNTIFS(ProgressTable[Student],$B$4,ProgressTable[Topic Area],A23,ProgressTable[Mastery %],"<>")=0,"",SUMIFS(ProgressTable[Mastery %],ProgressTable[Student],$B$4,ProgressTable[Topic Area],A23)/COUNTIFS(ProgressTable[Student],$B$4,ProgressTable[Topic Area],A23,ProgressTable[Mastery %],"<>")) | D23: Excused | E23: =COUNTIFS(AttendanceTable[Student],$B$4,AttendanceTable[Status],D23) -> 1
A24: Ḥadīth & Sunnah | B24: =IF(COUNTIFS(ProgressTable[Student],$B$4,ProgressTable[Topic Area],A24,ProgressTable[Mastery %],"<>")=0,"",SUMIFS(ProgressTable[Mastery %],ProgressTable[Student],$B$4,ProgressTable[Topic Area],A24)/COUNTIFS(ProgressTable[Student],$B$4,ProgressTable[Topic Area],A24,ProgressTable[Mastery %],"<>"))
A25: Arabic / Vocabulary | B25: =IF(COUNTIFS(ProgressTable[Student],$B$4,ProgressTable[Topic Area],A25,ProgressTable[Mastery %],"<>")=0,"",SUMIFS(ProgressTable[Mastery %],ProgressTable[Student],$B$4,ProgressTable[Topic Area],A25)/COUNTIFS(ProgressTable[Student],$B$4,ProgressTable[Topic Area],A25,ProgressTable[Mastery %],"<>"))
A26: Duʿā / Adhkār | B26: =IF(COUNTIFS(ProgressTable[Student],$B$4,ProgressTable[Topic Area],A26,ProgressTable[Mastery %],"<>")=0,"",SUMIFS(ProgressTable[Mastery %],ProgressTable[Student],$B$4,ProgressTable[Topic Area],A26)/COUNTIFS(ProgressTable[Student],$B$4,ProgressTable[Topic Area],A26,ProgressTable[Mastery %],"<>"))
A27: Adab / Character | B27: =IF(COUNTIFS(ProgressTable[Student],$B$4,ProgressTable[Topic Area],A27,ProgressTable[Mastery %],"<>")=0,"",SUMIFS(ProgressTable[Mastery %],ProgressTable[Student],$B$4,ProgressTable[Topic Area],A27)/COUNTIFS(ProgressTable[Student],$B$4,ProgressTable[Topic Area],A27,ProgressTable[Mastery %],"<>"))
A28: Review / Assessment | B28: =IF(COUNTIFS(ProgressTable[Student],$B$4,ProgressTable[Topic Area],A28,ProgressTable[Mastery %],"<>")=0,"",SUMIFS(ProgressTable[Mastery %],ProgressTable[Student],$B$4,ProgressTable[Topic Area],A28)/COUNTIFS(ProgressTable[Student],$B$4,ProgressTable[Topic Area],A28,ProgressTable[Mastery %],"<>"))
A30: Topic mastery uses the selected student's scored entries. Blank topics have no scores yet. Class comparison always shows the whole class.

Sheet Attendance
A1: Attendance & Participation
A2: Enter one row per student per class.
A4: Date | B4: Student | C4: Session | D4: Status | E4: Arrival Time | F4: Participation (1–5) | G4: Adab / Conduct | H4: Notes
A5: 46271 | B5: Mudhir | C5: Sunday | D5: Present | E5: 0.45833333 | F5: 5 | G5: not well behaved | H5: came to class with water and not prepared
A6: 46271 | B6: Nafisa | C6: Sunday | D6: Present | E6: 0.45902778 | F6: 5 | G6: not well behaved | H6: came to class with water and not prepared
A7: 46271 | B7: Jameela | C7: Sunday | D7: Present | E7: 0.45972222 | F7: 5 | G7: ok
A8: 46277 | B8: Mudhir | C8: Saturday | D8: Present | E8: 0.47986111 | F8: 5
A9: 46277 | B9: Nafisa | C9: Saturday | D9: Present | E9: 0.47986111 | F9: 5
A10: 46277 | B10: Jameela | C10: Saturday | D10: Present | E10: 0.47986111 | F10: 5
A11: 46278 | B11: Jameela | C11: Sunday | D11: Present | E11: 0.52361111 | F11: 5
A12: 46278 | B12: Mudhir | C12: Sunday | D12: Present | E12: 0.52361111 | F12: 5
A13: 46278 | B13: Nafisa | C13: Sunday | D13: Present | E13: 0.52361111 | F13: 5
A14: 46284 | B14: Jameela | C14: Saturday | D14: Present | E14: 0.47708333 | F14: 4
A15: 46284 | B15: Nafisa | C15: Saturday | D15: Absent | E15: 0 | F15: 0
A16: 46284 | B16: Mudhir | C16: Saturday | D16: Present | E16: 0.47916667 | F16: 4
A17: 46285 | B17: Mudhir | C17: Sunday | D17: Present | E17: 0.5 | F17: 4
A18: 46285 | B18: Nafisa | C18: Sunday | D18: Present | E18: 0.5 | F18: 4
A19: 46285 | B19: Jameela | C19: Sunday | D19: Present | E19: 0.5 | F19: 4
A20: 46291 | B20: Mudhir | C20: Saturday | D20: Excused | G20: Teacher not well
A21: 46291 | B21: Nafisa | C21: Saturday | D21: Excused | G21: Teacher not well
A22: 46291 | B22: Jameela | C22: Saturday | D22: Excused | G22: Teacher not well
A23: 46292 | B23: Mudhir | C23: Sunday | D23: Present | E23: 0.52083333 | G23: Murajah only
A24: 46292 | B24: Nafisa | C24: Sunday | D24: Present | E24: 0.52083333 | G24: Murajaah only
A25: 46292 | B25: Jameela | C25: Sunday | D25: Present | E25: 0.52083333 | G25: Murajaah only
A26: 46312 | B26: Nafisa | C26: Saturday | D26: Present | E26: 0.48680556 | G26: Murajaah only
A27: 46312 | B27: Mudhir | C27: Saturday | D27: Present | E27: 0.48680556 | G27: Murajaah only
A28: 46312 | B28: Jameela | C28: Saturday | D28: Present | E28: 0.48680556 | G28: Murajaah only

Sheet Lists
A1: Lists & Settings
A2: Dropdown values used throughout the workbook.
A4: Students | B4: Attendance Status | C4: Session | D4: Topic Area | E4: Homework Status | F4: Confidence
A5: Mudhir | B5: Present | C5: Saturday | D5: Qur'an – Murājaʿah | E5: Not Started | F5: 1 - Low
A6: Nafisa | B6: Late | C6: Sunday | D6: Qur'an – Hifdh / Tajwīd | E6: In Progress | F6: 2
A7: Jameela | B7: Absent | C7: Day 1 | D7: ʿAqīdah / Tawḥīd | E7: Completed | F7: 3 - Medium
B8: Excused | C8: Day 2 | D8: Fiqh | E8: Needs Revision | F8: 4
D9: Ḥadīth & Sunnah | F9: 5 - High
D10: Arabic / Vocabulary
D11: Duʿā / Adhkār
D12: Adab / Character
D13: Review / Assessment

Sheet How to Use
A1: How to Use This Class Manager
A2: A simple workflow for managing the weekend madrasa class.
A4: Step | B4: What to do | C4: Where
A5: 1 | B5: Keep student details up to date. Add new students below the current three when needed. | C5: Students
A6: 2 | B6: Before each class, copy or adapt the 2-hour plan and record the lesson objective. | C6: Class Plan / Lesson Log
A7: 3 | B7: Record attendance, punctuality and participation for every student. | C7: Attendance
A8: 4 | B8: Set homework with a due date and update its status. Use the score and feedback fields where useful. | C8: Homework
A9: 5 | B9: After Qur'an, ʿAqīdah, Fiqh, Ḥadīth, Arabic or Duʿā work, enter a mastery percentage and next step. | C9: Progress
A10: 6 | B10: Record quizzes or formal checks. Enter maximum score and actual score; the percentage and grade calculate automatically. | C10: Assessments
A11: 7 | B11: Use the Dashboard student dropdown to see live attendance, homework, progress and assessment KPIs. | C11: Dashboard
A12: 8 | B12: Use filters on each Excel table to focus on a student, topic, date or status. | C12: All tracker tabs

Sheet Students
A1: Students
A2: Current class register. Contact fields are intentionally left blank for you to complete.
A4: Student ID | B4: Name | C4: Age | D4: Status | E4: Parent / Guardian Contact | F4: Current Focus | G4: Joined | H4: Notes
A5: STU001 | B5: Mudhir | C5: 11 | D5: Active | F5: To set
A6: STU002 | B6: Nafisa | C6: 14 | D6: Active | F6: To set
A7: STU003 | B7: Jameela | C7: 16 | D7: Active | F7: To set

Sheet Lesson Log
A1: Lesson Log
A2: Record what was actually taught, not only what was planned.
A4: Date | B4: Session | C4: Start | D4: End | E4: Topic Area | F4: Lesson / Text | G4: Learning Objective | H4: Evidence of Learning | I4: Completed | J4: Teacher Reflection

Sheet Progress
A1: Learning Progress
A2: Use mastery scores to track development by topic and over time.
A4: Date | B4: Student | C4: Topic Area | D4: Specific Topic / Sūrah | E4: Mastery % | F4: Confidence | G4: Murājaʿah Status | H4: Teacher Notes | I4: Next Step
A5: 46271 | B5: Jameela | C5: Qur'an – Murājaʿah | D5: 420 | E5: 1 | F5: 5 - High | G5: Strong | H5: Excellent Read | I5: Continue to next page
A6: 46271 | B6: Nafisa | C6: Qur'an – Murājaʿah | D6: 447 | E6: 0 | F6: 1 - Low | G6: Needs Revision | H6: did not read
A7: 46271 | B7: Mudhir | C7: Qur'an – Murājaʿah | D7: 546 | E7: 0.5 | F7: 3 - Medium | G7: Needs Revision | H7: needs revision
A8: 46277 | B8: Nafisa | C8: Qur'an – Murājaʿah | D8: `447-448 | E8: 1 | F8: 5 - High | G8: Strong | H8: Excellent Read | I8: Continue to next page
A9: 46277 | B9: Mudhir | C9: Qur'an – Murājaʿah | D9: 547 | E9: 0.7 | F9: 3 - Medium | G9: Secure | H9: ok read
A10: 46277 | B10: Jameela | C10: Qur'an – Murājaʿah | D10: 421-422 | E10: 0.9 | F10: 4 | G10: Strong | H10: Very good read | I10: Continue to next page
A11: 46278 | B11: Jameela | C11: Qur'an – Murājaʿah | D11: 423 | E11: 0.8 | F11: 4 | G11: Secure | H11: Very good read | I11: Continue to next page
A12: 46278 | B12: Mudhir | C12: Qur'an – Murājaʿah | D12: 548 | E12: 0.9 | F12: 4 | G12: Secure | H12: Very good read | I12: Continue to next page
A13: 46278 | B13: Nafisa | C13: Qur'an – Murājaʿah | D13: 449 | E13: 1 | F13: 5 - High | G13: Strong | H13: Excellent Read | I13: Continue to next page
A14: 46284 | B14: Mudhir | C14: Qur'an – Murājaʿah | D14: 545-549 | E14: 0.8 | F14: 4 | G14: Secure | H14: Very good read | I14: Continue to next page
A15: 46284 | B15: Jameela | C15: Qur'an – Murājaʿah | D15: 424 | E15: 0.9 | F15: 4 | G15: Secure | H15: Very good read | I15: Continue to next page
A16: 46284 | B16: Nafisa | C16: Qur'an – Murājaʿah | D16: - | E16: 0 | F16: 1 - Low | G16: Needs Revision | H16: Absent
A17: 46285 | B17: Mudhir | C17: Qur'an – Murājaʿah | D17: 542 | E17: 0.2 | F17: 3 - Medium | G17: Needs Revision
A18: 46285 | B18: Nafisa | C18: Qur'an – Murājaʿah | D18: 450 | E18: 0.5 | F18: 3 - Medium | G18: Needs Revision
A19: 46285 | B19: Jameela | C19: Qur'an – Murājaʿah | D19: 425 | E19: 1 | F19: 5 - High | G19: Strong
A20: 46291 | B20: Mudhir | C20: Qur'an – Murājaʿah | D20: 542 | E20: 0 | F20: 1 - Low | G20: Needs Revision | H20: Excused
A21: 46291 | B21: Nafisa | C21: Qur'an – Murājaʿah | D21: 450 | E21: 0 | F21: 1 - Low | G21: Needs Revision | H21: Excused
A22: 46291 | B22: Jameela | C22: Qur'an – Murājaʿah | D22: 426 | E22: 0 | F22: 1 - Low | G22: Needs Revision | H22: Excused
A23: 46292 | B23: Jameela | C23: Qur'an – Murājaʿah | D23: 426 | E23: 1 | F23: 5 - High
A24: 46292 | B24: Nafisa | C24: Qur'an – Murājaʿah | D24: 450 | E24: 0.5 | F24: 3 - Medium
A25: 46292 | B25: Mudhir | C25: Qur'an – Murājaʿah | D25: 542 | E25: 0.5 | F25: 3 - Medium
A26: 46312 | B26: Nafisa | C26: Qur'an – Murājaʿah | D26: 451 | E26: 1 | F26: 5 - High | G26: Strong
A27: 46312 | B27: Jameela | C27: Qur'an – Murājaʿah | D27: 542 | E27: 0.8 | F27: 4 | G27: Secure
A28: 46312 | B28: Mudhir | C28: Qur'an – Murājaʿah | D28: 425 | E28: 1 | F28: 5 - High | G28: Strong

Sheet Class Plan
A1: Weekend Class Plan
A2: Reusable 2-hour structure for Saturday / Sunday classes.
A4: Day | B4: Start | C4: End | D4: Minutes | E4: Core Block | F4: Day 2 Advanced Focus | G4: Mudhir (11) | H4: Nafisa (14) | I4: Jameela (16) | J4: Teacher Notes
A5: Saturday | B5: 10:00 | C5: 10:10 | D5: 10 | E5: Opening Duʿā, intentions & reminder | F5: Advanced Qur'anic duʿā + sincerity / adab | G5: Recall key meaning | H5: Explain key vocabulary | I5: Explain evidence & application
A6: Saturday | B6: 10:10 | C6: 10:40 | D6: 30 | E6: Qur'an – Murājaʿah | F6: Stronger fluency, tajwīd correction and random-start testing | G6: Shorter passage, accuracy | H6: Longer passage + rules | I6: Longer passage + self-correction
A7: Saturday | B7: 10:40 | C7: 11:05 | D7: 25 | E7: Qur'an – New Hifdh / Tajwīd | F7: New memorisation + applied tajwīd | G7: Small portion | H7: Moderate portion | I7: Larger portion + rule explanation
A8: Saturday | B8: 11:05 | C8: 11:30 | D8: 25 | E8: ʿAqīdah | F8: Tawḥīd: worship, evidence, avoiding shirk and following revelation | G8: Simple definitions | H8: Definitions + examples | I8: Evidence + scenarios
A9: Saturday | B9: 11:30 | C9: 11:50 | D9: 20 | E9: Arabic / Islamic vocabulary | F9: Qur'anic vocabulary, roots and sentence meaning | G9: 5 words | H9: 8 words | I9: 10+ words / roots
A10: Saturday | B10: 11:50 | C10: 12:00 | D10: 10 | E10: Murājaʿah & questions | F10: Retrieval quiz + one action point | G10: 3 questions | H10: 5 questions | I10: Explain one answer fully
A11: Sunday | B11: 10:00 | C11: 10:10 | D11: 10 | E11: Opening Duʿā, intentions & reminder | F11: Advanced duʿā with meaning and when to use it | G11: Memorise line | H11: Meaning + use | I11: Evidence + reflection
A12: Sunday | B12: 10:10 | C12: 10:40 | D12: 30 | E12: Qur'an – Murājaʿah | F12: Cumulative revision | G12: Accuracy | H12: Fluency + tajwīd | I12: Fluency + independent correction
A13: Sunday | B13: 10:40 | C13: 11:05 | D13: 25 | E13: Qur'an – New Hifdh / Tajwīd | F13: New memorisation + tajwīd | G13: Small portion | H13: Moderate portion | I13: Larger portion
A14: Sunday | B14: 11:05 | C14: 11:30 | D14: 25 | E14: Fiqh | F14: Ṭahārah / Ṣalāh with evidences and practical cases | G14: Basic rulings | H14: Rulings + cases | I14: Cases + evidence
A15: Sunday | B15: 11:30 | C15: 11:50 | D15: 20 | E15: Ḥadīth & Sunnah | F15: Longer authentic ḥadīth: meaning, lessons and application | G15: Main lesson | H15: Key lessons | I15: Chain/source awareness + applications
A16: Sunday | B16: 11:50 | C16: 12:00 | D16: 10 | E16: Murājaʿah & questions | F16: Weekly recap and assessment | G16: 3 questions | H16: 5 questions | I16: Teach-back summary

Sheet Homework
A1: Homework Tracker
A2: Assign, monitor and review homework for each student.
A4: Assigned Date | B4: Student | C4: Task | D4: Topic Area | E4: Due Date | F4: Status | G4: Score % | H4: Feedback | I4: Next Action

Sheet Assessments
A1: Assessments & Quizzes
A2: Score and grade calculations are automatic.
A4: Date | B4: Student | C4: Assessment | D4: Category | E4: Max Score | F4: Score | G4: Percentage | H4: Grade | I4: Notes
G5: =IF(OR(E5="",F5=""),"",F5/E5) | H5: =IF(G5="","",IF(G5>=0.9,"Excellent",IF(G5>=0.75,"Secure",IF(G5>=0.6,"Developing","Needs Revision"))))
G6: =IF(OR(E6="",F6=""),"",F6/E6) | H6: =IF(G6="","",IF(G6>=0.9,"Excellent",IF(G6>=0.75,"Secure",IF(G6>=0.6,"Developing","Needs Revision"))))
G7: =IF(OR(E7="",F7=""),"",F7/E7) | H7: =IF(G7="","",IF(G7>=0.9,"Excellent",IF(G7>=0.75,"Secure",IF(G7>=0.6,"Developing","Needs Revision"))))
G8: =IF(OR(E8="",F8=""),"",F8/E8) | H8: =IF(G8="","",IF(G8>=0.9,"Excellent",IF(G8>=0.75,"Secure",IF(G8>=0.6,"Developing","Needs Revision"))))
G9: =IF(OR(E9="",F9=""),"",F9/E9) | H9: =IF(G9="","",IF(G9>=0.9,"Excellent",IF(G9>=0.75,"Secure",IF(G9>=0.6,"Developing","Needs Revision"))))
G10: =IF(OR(E10="",F10=""),"",F10/E10) | H10: =IF(G10="","",IF(G10>=0.9,"Excellent",IF(G10>=0.75,"Secure",IF(G10>=0.6,"Developing","Needs Revision"))))
G11: =IF(OR(E11="",F11=""),"",F11/E11) | H11: =IF(G11="","",IF(G11>=0.9,"Excellent",IF(G11>=0.75,"Secure",IF(G11>=0.6,"Developing","Needs Revision"))))
G12: =IF(OR(E12="",F12=""),"",F12/E12) | H12: =IF(G12="","",IF(G12>=0.9,"Excellent",IF(G12>=0.75,"Secure",IF(G12>=0.6,"Developing","Needs Revision"))))
G13: =IF(OR(E13="",F13=""),"",F13/E13) | H13: =IF(G13="","",IF(G13>=0.9,"Excellent",IF(G13>=0.75,"Secure",IF(G13>=0.6,"Developing","Needs Revision"))))
G14: =IF(OR(E14="",F14=""),"",F14/E14) | H14: =IF(G14="","",IF(G14>=0.9,"Excellent",IF(G14>=0.75,"Secure",IF(G14>=0.6,"Developing","Needs Revision"))))
G15: =IF(OR(E15="",F15=""),"",F15/E15) | H15: =IF(G15="","",IF(G15>=0.9,"Excellent",IF(G15>=0.75,"Secure",IF(G15>=0.6,"Developing","Needs Revision"))))
G16: =IF(OR(E16="",F16=""),"",F16/E16) | H16: =IF(G16="","",IF(G16>=0.9,"Excellent",IF(G16>=0.75,"Secure",IF(G16>=0.6,"Developing","Needs Revision"))))
... G104: =IF(OR(E104="",F104=""),"",F104/E104) | H104: =IF(G104="","",IF(G104>=0.9,"Excellent",IF(G104>=0.75,"Secure",IF(G104>=0.6,"Developing","Needs Revision"))))
